Amino Acid,Comparison,MAD
A,XTB vs B97-D,0.8468723333333333
C,XTB vs B97-D,0.864055
D,XTB vs B97-D,0.4849155
E,XTB vs B97-D,1.7853686666666668
F,XTB vs B97-D,0.6000021666666667
G,XTB vs B97-D,0.7513710000000001
H,XTB vs B97-D,5.0183816666666665
I,XTB vs B97-D,0.4360821666666667
K,XTB vs B97-D,0.5285655
L,XTB vs B97-D,0.5886055
A,XTB vs MP2,0.6201283333333333
C,XTB vs MP2,0.8875931666666665
D,XTB vs MP2,1.328672466666667
E,XTB vs MP2,2.1402705
F,XTB vs MP2,0.6419515666666668
G,XTB vs MP2,0.32520666666666664
H,XTB vs MP2,7.868951666666668
I,XTB vs MP2,0.8957091666666667
K,XTB vs MP2,0.7802031666666666
L,XTB vs MP2,1.043253
